0,1,2,3
"['row_id', 'service_key', 'flag_id', 'service_date']",,,
1,1.0,1900/6/6,3.0
1,1.0,1900/6/6,4.0
1,1.0,1900/6/6,5.0
1,1.0,1900/6/6,6.0
1,1.0,1900/6/6,7.0
1,1.0,1900/6/6,8.0
1,1.0,1900/6/6,9.0
1,1.0,1900/6/6,10.0
1,1.0,1900/6/6,11.0
1,1.0,1900/6/6,12.0
1,1.0,1900/6/6,13.0
1,1.0,1900/6/6,14.0
1,1.0,1900/6/6,15.0
1,1.0,1900/6/6,16.0
1,1.0,1900/6/6,17.0
1,1.0,1900/6/6,18.0
1,1.0,1900/6/6,19.0
1,1.0,1900/6/6,20.0
1,1.0,1900/6/6,21.0
1,1.0,1900/6/6,22.0
1,1.0,1900/6/6,23.0
1,1.0,1900/6/6,24.0
1,1.0,1900/6/6,25.0
1,1.0,1900/6/6,26.0
1,1.0,1900/6/6,27.0
2,1.0,1900/6/6,28.0
3,1.0,1900/6/6,29.0
4,1.0,1900/6/6,30.0
5,1.0,1900/6/6,30.0
